first_name,last_name,email,phone
Jacob,Sucoff,jsucoff@gmail.com,415-555-1212
Ryan,Gelshenan,rgelsh@gmail.com,415-555-1212
Steven,Matthews,smatthews@gmail.com,415-555-1212
Danielle,Sganga,dsganga@gmail.com,415-555-1212
Sam,Walter,swalter@gmail.com,415-555-1212
Luke,Redmond,lukecredmond@gmail.com,415-555-1212
George,Roche,garoche@gmail.com,415-555-1212
Tyler,Waneka,twwakena@gmail.com,415-555-1212
David,Reiman,davidreiman@gmail.com,415-555-1212